[{"serialNUm":"1803bb2b-4799-4984-9860-a2a796c6b886","nameOfHotel":"bestitz:1","theAmountOfRooms":0,"roomArrayList":[],"hotelAvailable":true},{"serialNUm":"8eb87cf8-cd56-4bda-a4ff-44b631eb46b8","nameOfHotel":"villa","theAmountOfRooms":0,"roomArrayList":[],"hotelAvailable":true},{"serialNUm":"0246321d-3bf5-476c-8b6a-1365f04ad8fe","nameOfHotel":"test","theAmountOfRooms":4,"roomArrayList":[{"available":true,"serialNum":"c2343324-8bd4-4250-8c1b-32b8d5199913"},{"available":true,"serialNum":"f738c4db-2b22-476e-b910-b870ac622309"},{"available":true,"serialNum":"fec8e720-f927-4848-ab1f-67bc987a4388"},{"available":true,"serialNum":"40a3517e-059e-431c-9c65-af39135cf096"}],"hotelAvailable":true}]